dataset;description;version;genome
chaemuloni_eg_gene;[Candida] haemuloni genes (GCA002926055v1);GCA002926055v1;
cpseudohaemulonis_eg_gene;[Candida] pseudohaemulonii genes (GCA003013735v1);GCA003013735v1;
cabingdonii_gene_ensembl;Abingdon island giant tortoise genes (ASM359739v1);ASM359739v1;
achinensis_eg_gene;Actinidia chinensis genes (Red5_PS1_1.69.0);Red5_PS1_1.69.0;
apisum_eg_gene;Acyrthosiphon pisum (AL4f) genes (pea_aphid_22Mar2018_4r6ur);pea_aphid_22Mar2018_4r6ur;
avaga_eg_gene;Adineta vaga genes (AMS_PRJEB1171_v1);AMS_PRJEB1171_v1;
aalvpagwg_eg_gene;Aedes aegypti (LVP_AGWG) genes (AaegL5);AaegL5;
aalbopictus_eg_gene;Aedes albopictus genes (AaloF1);AaloF1;
atauschii_eg_gene;Aegilops tauschii genes (Aet v4.0);Aet v4.0;
scaustralis_gene_ensembl;African ostrich genes (ASM69896v1);ASM69896v1;
alaibachii_eg_gene;Albugo laibachii genes (ENA 1);ENA 1;
mspretus_gene_ensembl;Algerian mouse genes (SPRET_EiJ_v1);SPRET_EiJ_v1;
vpacos_gene_ensembl;Alpaca genes (vicPac1);vicPac1;vicPac1
mmmarmota_gene_ensembl;Alpine marmot genes (marMar2.1);marMar2.1;
pformosa_gene_ensembl;Amazon molly genes (Poecilia_formosa-5.1.2);Poecilia_formosa-5.1.2;
atrichopoda_eg_gene;Amborella trichopoda genes (AMTR1.0);AMTR1.0;
bbbison_gene_ensembl;American bison genes (Bison_UMD1.0);Bison_UMD1.0;bisBis1
uamericanus_gene_ensembl;American black bear genes (ASM334442v1);ASM334442v1;
nvison_gene_ensembl;American mink genes (NNQGG.v01);NNQGG.v01;
aqueenslandica_eg_gene;Amphimedon queenslandica genes (Aqu1);Aqu1;
acomosus_eg_gene;Ananas comosus genes (F153);F153;
aalbimanus_eg_gene;Anopheles albimanus genes (AalbS2);AalbS2;
aarabiensis_eg_gene;Anopheles arabiensis genes (AaraD1);AaraD1;
aatroparvus_eg_gene;Anopheles atroparvus genes (AatrE3);AatrE3;
achristyi_eg_gene;Anopheles christyi genes (AchrA1);AchrA1;
acngousso_eg_gene;Anopheles coluzzii (Ngousso) genes (AcolN1);AcolN1;
acoluzzii_eg_gene;Anopheles coluzzii genes (AcolM1);AcolM1;
aculicifacies_eg_gene;Anopheles culicifacies genes (AculA1);AculA1;
adarlingi_eg_gene;Anopheles darlingi genes (AdarC3);AdarC3;
adirus_eg_gene;Anopheles dirus genes (AdirW1);AdirW1;
aepiroticus_eg_gene;Anopheles epiroticus genes (AepiE1);AepiE1;
afarauti_eg_gene;Anopheles farauti genes (AfarF2);AfarF2;
afunestus_eg_gene;Anopheles funestus genes (AfunF3);AfunF3;
agambiae_eg_gene;Anopheles gambiae genes (AgamP4);AgamP4;
amaculatus_eg_gene;Anopheles maculatus genes (AmacM1);AmacM1;
amelas_eg_gene;Anopheles melas genes (AmelC2);AmelC2;
amerus_eg_gene;Anopheles merus genes (AmerM2);AmerM2;
aminimus_eg_gene;Anopheles minimus genes (AminM1);AminM1;
aquadriannulatus_eg_gene;Anopheles quadriannulatus genes (AquaS1);AquaS1;
aschina_eg_gene;Anopheles sinensis (China) genes (AsinC2);AsinC2;
asinensis_eg_gene;Anopheles sinensis genes (AsinS2);AsinS2;
asindian_eg_gene;Anopheles stephensi (Indian) genes (AsteI2);AsteI2;
astephensi_eg_gene;Anopheles stephensi genes (AsteS1);AsteS1;
aglabripennis_eg_gene;Anoplophora glabripennis (ALB-LARVAE) genes (Agla_2.0);Agla_2.0;
aastaci_eg_gene;Aphanomyces astaci genes (GCA000520075v1);GCA000520075v1;
ainvadans_eg_gene;Aphanomyces invadans genes (GCA000520115v1);GCA000520115v1;
amellifera_eg_gene;Apis mellifera (DH4) genes (Amel_HAv3.1);Amel_HAv3.1;
cdromedarius_gene_ensembl;Arabian camel genes (CamDro2);CamDro2;
ahalleri_eg_gene;Arabidopsis halleri genes (Ahal2.2);Ahal2.2;
alyrata_eg_gene;Arabidopsis lyrata genes (v.1.0);v.1.0;
athaliana_eg_gene;Arabidopsis thaliana genes (TAIR10);TAIR10;
aalpina_eg_gene;Arabis alpina genes (A_alpina_V4);A_alpina_V4;
uparryii_gene_ensembl;Arctic ground squirrel genes (ASM342692v1);ASM342692v1;
smerianae_gene_ensembl;Argentine black and white tegu genes (HLtupMer3);HLtupMer3;
dnovemcinctus_gene_ensembl;Armadillo genes (Dasnov3.0);Dasnov3.0;dasNov3
asuum_eg_gene;Ascaris suum (PRJNA62057) genes (ASM18702v3);ASM18702v3;
agossypii_eg_gene;Ashbya gossypii genes (ASM9102v1);ASM9102v1;
sformosus_gene_ensembl;Asian bonytongue genes (fSclFor1.1);fSclFor1.1;
aofficinalis_eg_gene;Asparagus officinalis genes (Aspof.V1);Aspof.V1;
aclavatus_eg_gene;Aspergillus clavatus NRRL 1 genes (ASM271v1);ASM271v1;
nfischeri_eg_gene;Aspergillus fischeri NRRL 181 genes (ASM14964v1);ASM14964v1;
aflavus_eg_gene;Aspergillus flavus NRRL3357 genes (JCVI-afl1-v2.0);JCVI-afl1-v2.0;
afumigatusa1163_eg_gene;Aspergillus fumigatus A1163 genes (ASM15014v1);ASM15014v1;
afumigatus_eg_gene;Aspergillus fumigatus Af293 genes (ASM265v1);ASM265v1;
anidulans_eg_gene;Aspergillus nidulans genes (ASM1142v1);ASM1142v1;
aniger_eg_gene;Aspergillus niger genes (ASM285v2);ASM285v2;
aoryzae_eg_gene;Aspergillus oryzae RIB40 genes (ASM18445v3);ASM18445v3;
aterreus_eg_gene;Aspergillus terreus NIH2624 genes (ASM14961v1);ASM14961v1;
gmorhua_gene_ensembl;Atlantic cod genes (gadMor3.0);gadMor3.0;gadMor3
charengus_gene_ensembl;Atlantic herring genes (Ch_v2.0.2);Ch_v2.0.2;
ssalar_gene_ensembl;Atlantic salmon genes (Ssal_v3.1);Ssal_v3.1;
acephalotes_eg_gene;Atta cephalotes genes (Attacep1.0);Attacep1.0;
cporosus_gene_ensembl;Australian saltwater crocodile genes (CroPor_comp1);CroPor_comp1;
lbergylta_gene_ensembl;Ballan wrasse genes (BallGen_V1);BallGen_V1;
lcalcarifer_gene_ensembl;Barramundi perch genes (ASB_HGAPassembly_v1);ASB_HGAPassembly_v1;
bbassiana_eg_gene;Beauveria bassiana genes (ASM168263v1);ASM168263v1;
bantarctica_eg_gene;Belgica antarctica genes (ASM77530v1);ASM77530v1;
dleucas_gene_ensembl;Beluga whale genes (ASM228892v3);ASM228892v3;
btasiaii5_eg_gene;Bemisia tabaci (ASIAII-5) genes (ASIAII5_n227_616Mb);ASIAII5_n227_616Mb;
btssa1nig_eg_gene;Bemisia tabaci (SSA1-SG1 NG) genes (SSA1SG1_Nigeria_n4493_656Mb);SSA1SG1_Nigeria_n4493_656Mb;
btssa1ug_eg_gene;Bemisia tabaci (SSA1-SG1 UG) genes (SSA1_SG1_Uganda_n955_657Mb);SSA1_SG1_Uganda_n955_657Mb;
btssa2nig_eg_gene;Bemisia tabaci (SSA2 NG) genes (SSA2_Nigeria_n785_625mb);SSA2_Nigeria_n785_625mb;
btssa3nig_eg_gene;Bemisia tabaci (SSA3 NG) genes (SSA3_Nigeria_2278n_648mb);SSA3_Nigeria_2278n_648mb;
btsweetpotug_eg_gene;Bemisia tabaci (Uganda 1) genes (Uganda1_n5713_630Mb);Uganda1_n5713_630Mb;
bvulgaris_eg_gene;Beta vulgaris genes (RefBeet-1.2.2);RefBeet-1.2.2;
spartitus_gene_ensembl;Bicolor damselfish genes (Stegastes_partitus-1.0.2);Stegastes_partitus-1.0.2;
bnatans_eg_gene;Bigelowiella natans genes (Bigna1);Bigna1;
bglabrata_eg_gene;Biomphalaria glabrata genes (BglaB1);BglaB1;
rbieti_gene_ensembl;Black snub-nosed monkey genes (ASM169854v1);ASM169854v1;
bmusculus_gene_ensembl;Blue whale genes (mBalMus1.v2);mBalMus1.v2;
llaticaudata_gene_ensembl;Blue-ringed sea krait genes (latLat_1.0);latLat_1.0;
bgraminis_eg_gene;Blumeria graminis genes (EF2);EF2;
sbboliviensis_gene_ensembl;Bolivian squirrel monkey genes (SaiBol1.0);SaiBol1.0;saiBol1
bimpatiens_eg_gene;Bombus impatiens genes (BIMP_2.2);BIMP_2.2;
bterrestris_eg_gene;Bombus terrestris genes (Bter_1.0);Bter_1.0;
bmori_eg_gene;Bombyx mori (p50T) genes (Bmori_2016v1.0);Bmori_2016v1.0;
ppaniscus_gene_ensembl;Bonobo genes (panpan1.1);panpan1.1;panPan2
bcinerea_eg_gene;Botrytis cinerea B05.10 genes (ASM83294v1);ASM83294v1;
bdistachyon_eg_gene;Brachypodium distachyon genes (Brachypodium_distachyon_v3.0);Brachypodium_distachyon_v3.0;
blanceolatum_eg_gene;Branchiostoma lanceolatum genes (BraLan2);BraLan2;
bnapus_eg_gene;Brassica napus genes (AST_PRJEB5043_v1);AST_PRJEB5043_v1;
boleracea_eg_gene;Brassica oleracea genes (BOL);BOL;
brapa_eg_gene;Brassica rapa genes (Brapa_1.0);Brapa_1.0;
brro18_eg_gene;Brassica rapa R-o-18 genes (SCU_BraROA_2.3);SCU_BraROA_2.3;
strutta_gene_ensembl;Brown trout genes (fSalTru1.1);fSalTru1.1;
bmalayi_eg_gene;Brugia malayi (PRJNA10729) genes (Bmal-4.0);Bmal-4.0;
hburtoni_gene_ensembl;Burton's mouthbrooder genes (AstBur1.0);AstBur1.0;
ogarnettii_gene_ensembl;Bushbaby genes (OtoGar3);OtoGar3;otoGar3
cintestinalis_gene_ensembl;C.intestinalis genes (KH);KH;
csavignyi_gene_ensembl;C.savignyi genes (CSAV 2.0);CSAV 2.0;
cbrenneri_eg_gene;Caenorhabditis brenneri (PRJNA20035) genes (C_brenneri-6.0.1b);C_brenneri-6.0.1b;caePb2
cbriggsae_eg_gene;Caenorhabditis briggsae (PRJNA10731) genes (CB4);CB4;cb4
celegans_gene_ensembl;Caenorhabditis elegans (PRJNA13758) genes (WBcel235);WBcel235;ce11
celegans_eg_gene;Caenorhabditis elegans (PRJNA13758) genes (WBcel235);WBcel235;ce11
cjaponica_eg_gene;Caenorhabditis japonica (PRJNA12591) genes (C_japonica-7.0.1);C_japonica-7.0.1;caeJap1
cremanei_eg_gene;Caenorhabditis remanei (PRJNA53967) genes (C_remanei-15.0.1);C_remanei-15.0.1;caeRem3
csativa_eg_gene;Camelina sativa genes (Cs);Cs;
calbicans_eg_gene;Candida albicans genes (GCA000182965v3);GCA000182965v3;
cauris_eg_gene;Candida auris genes (GCA002759435v2);GCA002759435v2;
cduobushaemulonis_eg_gene;Candida duobushaemulonis genes (GCA002926085v1);GCA002926085v1;
cglabrata_eg_gene;Candida glabrata genes (GCA000002545v2);GCA000002545v2;
cparapsilosis_eg_gene;Candida parapsilosis genes (GCA000182765v2);GCA000182765v2;
ctropicalis_eg_gene;Candida tropicalis genes (GCA000006335v3);GCA000006335v3;
csfemale_eg_gene;Cannabis sativa female genes (cs10);cs10;
cteleta_eg_gene;Capitella teleta genes (Capitella teleta v1.0);Capitella teleta v1.0;
cannuum_eg_gene;Capsicum annuum genes (ASM51225v2);ASM51225v2;
ccapucinus_gene_ensembl;Capuchin genes (Cebus_imitator-1.0);Cebus_imitator-1.0;
fcatus_gene_ensembl;Cat genes (Felis_catus_9.0);Felis_catus_9.0;felCat9
cwagneri_gene_ensembl;Chacoan peccary genes (CatWag_v2_BIUU_UCD);CatWag_v2_BIUU_UCD;
cgobio_gene_ensembl;Channel bull blenny genes (fCotGob3.1);fCotGob3.1;
ipunctatus_gene_ensembl;Channel catfish genes (IpCoco_1.2);IpCoco_1.2;
cbraunii_eg_gene;Chara braunii genes (Cbr_1.0);Cbr_1.0;
cquinoa_eg_gene;Chenopodium quinoa genes (ASM168347v1);ASM168347v1;
ggallus_gene_ensembl;Chicken genes (GRCg6a);GRCg6a;galGal6
ptroglodytes_gene_ensembl;Chimpanzee genes (Pan_tro_3.0);Pan_tro_3.0;panTro5
cgchok1gshd_gene_ensembl;Chinese hamster CHOK1GS genes (CHOK1GS_HDv1);CHOK1GS_HDv1;criGriChoV2
osinensis_gene_ensembl;Chinese medaka genes (ASM858656v1);ASM858656v1;
psinensis_gene_ensembl;Chinese softshell turtle genes (PelSin_1.0);PelSin_1.0;
otshawytscha_gene_ensembl;Chinook salmon genes (Otsh_v1.0);Otsh_v1.0;
creinhardtii_eg_gene;Chlamydomonas reinhardtii genes (Chlamydomonas_reinhardtii_v5.5);Chlamydomonas_reinhardtii_v5.5;
ccrispus_eg_gene;Chondrus crispus genes (ASM35022v2);ASM35022v2;
clectularius_eg_gene;Cimex lectularius (Harlan) genes (Clec_2.0);Clec_2.0;
clanatus_eg_gene;Citrullus lanatus genes (Cla97_v1);Cla97_v1;
cclementina_eg_gene;Citrus clementina genes (Citrus_clementina_v1.0);Citrus_clementina_v1.0;
atestudineus_gene_ensembl;Climbing perch genes (fAnaTes1.2);fAnaTes1.2;
aocellaris_gene_ensembl;Clown anemonefish genes (AmpOce1.0);AmpOce1.0;
lchalumnae_gene_ensembl;Coelacanth genes (LatCha1);LatCha1;latCha1
ccanephora_eg_gene;Coffea canephora genes (AUK_PRJEB4211_v1);AUK_PRJEB4211_v1;
okisutch_gene_ensembl;Coho salmon genes (Okis_V2);Okis_V2;
falbicollis_gene_ensembl;Collared flycatcher genes (FicAlb1.5);FicAlb1.5;
cgloeosporioides_eg_gene;Colletotrichum gloeosporioides genes (Colletotrichum gloeosporioides Nara gc-5);Colletotrichum gloeosporioides Nara gc-5;
cgraminicola_eg_gene;Colletotrichum graminicola genes (C_graminicola_M1_001_V1);C_graminicola_M1_001_V1;
chigginsianum_eg_gene;Colletotrichum higginsianum genes (ASM31379v2);ASM31379v2;
corbiculare_eg_gene;Colletotrichum orbiculare genes (Corbiculare240422v01);Corbiculare240422v01;
scanaria_gene_ensembl;Common canary genes (SCA1);SCA1;
ccarpio_gene_ensembl;Common carp genes (common_carp_genome);common_carp_genome;
cccarpio_gene_ensembl;Common carp genes (Cypcar_WagV4.0);Cypcar_WagV4.0;
pmuralis_gene_ensembl;Common wall lizard genes (PodMur_1.0);PodMur_1.0;
vursinus_gene_ensembl;Common wombat genes (bare-nosed_wombat_genome_assembly);bare-nosed_wombat_genome_assembly;
pcoquereli_gene_ensembl;Coquerel's sifaka genes (Pcoq_1.0);Pcoq_1.0;
ccapsularis_eg_gene;Corchorus capsularis genes (CCACVL1_1.0);CCACVL1_1.0;
cavellana_eg_gene;Corylus avellana genes (CavTom2PMs-1.0);CavTom2PMs-1.0;
ccitriodora_eg_gene;Corymbia citriodora genes (Ccitriodora_v2_1);Ccitriodora_v2_1;
btaurus_gene_ensembl;Cow genes (ARS-UCD1.2);ARS-UCD1.2;bosTau9
mfascicularis_gene_ensembl;Crab-eating macaque genes (Macaca_fascicularis_6.0);Macaca_fascicularis_6.0;macFas5
cgigas_eg_gene;Crassostrea gigas genes (oyster_v9);oyster_v9;
cneoformans_eg_gene;Cryptococcus neoformans var. neoformans JEC21 genes (ASM9104v1);ASM9104v1;
cmelo_eg_gene;Cucumis melo genes (Melonv4);Melonv4;
csativus_eg_gene;Cucumis sativus genes (ASM407v2);ASM407v2;
cquinquefasciatus_eg_gene;Culex quinquefasciatus genes (CpipJ2);CpipJ2;
csonorensis_eg_gene;Culicoides sonorensis genes (Cson1);Cson1;
cmerolae_eg_gene;Cyanidioschyzon merolae genes (ASM9120v1);ASM9120v1;
ccardunculus_eg_gene;Cynara cardunculus genes (CcrdV1);CcrdV1;
dplexippus_eg_gene;Danaus plexippus plexippus (F-2) genes (Dplex_v4);Dplex_v4;
dmagna_eg_gene;Daphnia magna genes (daphmag2.4);daphmag2.4;
dpulex_eg_gene;Daphnia pulex genes (V1.0);V1.0;
dcarota_eg_gene;Daucus carota genes (ASM162521v1);ASM162521v1;
odegus_gene_ensembl;Degu genes (OctDeg1.0);OctDeg1.0;
dponderosae_eg_gene;Dendroctonus ponderosae genes (DendPond_male_1.0);DendPond_male_1.0;
dclupeoides_gene_ensembl;Denticle herring genes (fDenClu1.1);fDenClu1.1;
ddiscoideum_eg_gene;Dictyostelium discoideum genes (dicty_2.7);dicty_2.7;
cldingo_gene_ensembl;Dingo genes (ASM325472v1);ASM325472v1;
dtinctorium_eg_gene;Dinothrombium tinctorium genes (DtinU1);DtinU1;
drotundata_eg_gene;Dioscorea rotundata genes (TDr96_F1_v2_PseudoChromosome);TDr96_F1_v2_PseudoChromosome;
clfamiliaris_gene_ensembl;Dog genes (ROS_Cfam_1.0);ROS_Cfam_1.0;canFam4
ttruncatus_gene_ensembl;Dolphin genes (turTru1);turTru1;turTru2
bgrunniens_gene_ensembl;Domestic yak genes (LU_Bosgru_v3.0);LU_Bosgru_v3.0;
eaasinus_gene_ensembl;Donkey genes (ASM303372v1);ASM303372v1;
dseptosporum_eg_gene;Dothistroma septosporum genes (Dothistroma septosporum NZE10 v1.0);Dothistroma septosporum NZE10 v1.0;
mleucophaeus_gene_ensembl;Drill genes (Mleu.le_1.0);Mleu.le_1.0;
dananassae_eg_gene;Drosophila ananassae (TSC#14024-0371.13) genes (dana_caf1);dana_caf1;droAna3
derecta_eg_gene;Drosophila erecta (TSC#14021-0224.01) genes (dere_caf1);dere_caf1;droEre2
dgrimshawi_eg_gene;Drosophila grimshawi (TSC#15287-2541.00) genes (dgri_caf1);dgri_caf1;droGri2
dmelanogaster_gene_ensembl;Drosophila melanogaster genes (BDGP6.32);BDGP6.32;dm6
dmelanogaster_eg_gene;Drosophila melanogaster genes (BDGP6.32);BDGP6.32;dm6
dmojavensis_eg_gene;Drosophila mojavensis (TSC#15081-1352.22) genes (dmoj_caf1);dmoj_caf1;droMoj3
dpersimilis_eg_gene;Drosophila persimilis (MSH-3) genes (dper_caf1);dper_caf1;droPer1
dpseudoobscura_eg_gene;Drosophila pseudoobscura pseudoobscura (MV2-25) genes (Dpse_3.0);Dpse_3.0;dp4
dsechellia_eg_gene;Drosophila sechellia (Rob3c) genes (dsec_caf1);dsec_caf1;droSec1
dsimulans_eg_gene;Drosophila simulans (w501) genes (ASM75419v3);ASM75419v3;droSim1
dvirilis_eg_gene;Drosophila virilis (TSC#15010-1051.87) genes (dvir_caf1);dvir_caf1;droVir3
dwillistoni_eg_gene;Drosophila willistoni (TSC#14030-0811.24) genes (dwil_caf1);dwil_caf1;droWil1
dyakuba_eg_gene;Drosophila yakuba (Tai18E2) genes (dyak_caf1);dyak_caf1;droYak2
applatyrhynchos_gene_ensembl;Duck genes (CAU_duck1.0);CAU_duck1.0;
ptextilis_gene_ensembl;Eastern brown snake genes (EBS10Xv2-PRI);EBS10Xv2-PRI;
acalliptera_gene_ensembl;Eastern happy genes (fAstCal1.2);fAstCal1.2;
eelectricus_gene_ensembl;Electric eel genes (Ee_SOAP_WITH_SSPACE);Ee_SOAP_WITH_SSPACE;
lafricana_gene_ensembl;Elephant genes (Loxafr3.0);Loxafr3.0;loxAfr3
cmilii_gene_ensembl;Elephant shark genes (Callorhinchus_milii-6.1.3);Callorhinchus_milii-6.1.3;calMil1
ehuxleyi_eg_gene;Emiliania huxleyi genes (Emiliana huxleyi CCMP1516 main genome assembly v1.0);Emiliana huxleyi CCMP1516 main genome assembly v1.0;
ehistolytica_eg_gene;Entamoeba histolytica genes (JCVI-ESG2-1.0);JCVI-ESG2-1.0;
ecurvula_eg_gene;Eragrostis curvula genes (CERZOS_E.curvula1.0);CERZOS_E.curvula1.0;
etef_eg_gene;Eragrostis tef genes (ASM97063v1);ASM97063v1;
egrandis_eg_gene;Eucalyptus grandis genes (Egrandis1_0);Egrandis1_0;
svulgaris_gene_ensembl;Eurasian red squirrel genes (mSciVul1.1);mSciVul1.1;
dlabrax_gene_ensembl;European seabass genes (dlabrax2021);dlabrax2021;
esalsugineum_eg_gene;Eutrema salsugineum genes (Eutsalg1_0);Eutsalg1_0;
mpfuro_gene_ensembl;Ferret genes (MusPutFur1.0);MusPutFur1.0;musFur1
fcarica_eg_gene;Ficus carica genes (UNIPI_FiCari_1.0);UNIPI_FiCari_1.0;
fcandida_eg_gene;Folsomia candida str. VU population genes (ASM221717v1);ASM221717v1;
trubripes_gene_ensembl;Fugu genes (fTakRub1.2);fTakRub1.2;fr3
fculmorum_eg_gene;Fusarium culmorum UK99 genes (EF 1);EF 1;
ffujikuroi_eg_gene;Fusarium fujikuroi genes (EF 1);EF 1;
fgraminearum_eg_gene;Fusarium graminearum str. PH-1 genes (RR 1);RR 1;
foxysporum_eg_gene;Fusarium oxysporum genes (FO2);FO2;
fpseudograminearum_eg_gene;Fusarium pseudograminearum genes (FP7);FP7;
fsolani_eg_gene;Fusarium solani genes (v2.0);v2.0;
fverticillioides_eg_gene;Fusarium verticillioides genes (ASM14955v1);ASM14955v1;
ggraminis_eg_gene;Gaeumannomyces tritici R3-111a-1 genes (Gae_graminis_V2);Gae_graminis_V2;
gsulphuraria_eg_gene;Galdieria sulphuraria genes (ASM34128v1);ASM34128v1;
amelanoleuca_gene_ensembl;Giant panda genes (ASM200744v2);ASM200744v2;ailMel1
glamblia_eg_gene;Giardia lamblia genes (GL2);GL2;
nleucogenys_gene_ensembl;Gibbon genes (Nleu_3.0);Nleu_3.0;nomLeu3
saurata_gene_ensembl;Gilthead seabream genes (fSpaAur1.1);fSpaAur1.1;
gultimum_eg_gene;Globisporangium ultimum genes (GCA000143045v1);GCA000143045v1;
gausteni_eg_gene;Glossina austeni genes (GausT1);GausT1;
gbrevipalpis_eg_gene;Glossina brevipalpis genes (GbreI1);GbreI1;
gfuscipes_eg_gene;Glossina fuscipes (IAEA_lab_2018) genes (Yale_Gfus_2);Yale_Gfus_2;
gmorsitans_eg_gene;Glossina morsitans genes (GmorY1);GmorY1;
gpallidipes_eg_gene;Glossina pallidipes genes (GpalI1);GpalI1;
gpalpalis_eg_gene;Glossina palpalis genes (GpapI1);GpapI1;
gmax_eg_gene;Glycine max genes (Glycine_max_v2.1);Glycine_max_v2.1;
chircus_gene_ensembl;Goat genes (ARS1);ARS1;
acchrysaetos_gene_ensembl;Golden eagle genes (bAquChr1.2);bAquChr1.2;aquChr2
mauratus_gene_ensembl;Golden Hamster genes (MesAur1.0);MesAur1.0;
rroxellana_gene_ensembl;Golden snub-nosed monkey genes (Rrox_v1);Rrox_v1;rhiRox1
sgrahami_gene_ensembl;Golden-line barbel genes (SAMN03320097.WGS_v1.1);SAMN03320097.WGS_v1.1;
cauratus_gene_ensembl;Goldfish genes (ASM336829v1);ASM336829v1;
gevgoodei_gene_ensembl;Goodes thornscrub tortoise genes (rGopEvg1_v1.p);rGopEvg1_v1.p;
ggorilla_gene_ensembl;Gorilla genes (gorGor4);gorGor4;gorGor4
graimondii_eg_gene;Gossypium raimondii genes (Graimondii2_0_v6);Graimondii2_0_v6;
pmajor_gene_ensembl;Great Tit genes (Parus_major1.1);Parus_major1.1;
sdumerili_gene_ensembl;Greater amberjack genes (Sdu_1.0);Sdu_1.0;
psimus_gene_ensembl;Greater bamboo lemur genes (Prosim_1.0);Prosim_1.0;
rferrumequinum_gene_ensembl;Greater horseshoe bat genes (mRhiFer1_v1.p);mRhiFer1_v1.p;
acarolinensis_gene_ensembl;Green anole genes (AnoCar2.0v2);AnoCar2.0v2;anoCar2
gtheta_eg_gene;Guillardia theta CCMP2712 genes (Guith1);Guith1;
cporcellus_gene_ensembl;Guinea Pig genes (Cavpor3.0);Cavpor3.0;cavPor3
preticulata_gene_ensembl;Guppy genes (Guppy_female_1.0_MT);Guppy_female_1.0_MT;
eburgeri_gene_ensembl;Hagfish genes (Eburgeri_3.2);Eburgeri_3.2;
eeuropaeus_gene_ensembl;Hedgehog genes (eriEur1);eriEur1;eriEur1
hannuus_eg_gene;Helianthus annuus genes (HanXRQr2.0-SUNRISE);HanXRQr2.0-SUNRISE;
hmelpomene_eg_gene;Heliconius melpomene genes (Hmel1);Hmel1;
hrobusta_eg_gene;Helobdella robusta genes (Helro1);Helro1;
hcapsulatum_eg_gene;Histoplasma capsulatum genes (GCA000170615v1);GCA000170615v1;
hmiamia_eg_gene;Hofstenia miamia genes (HmiaM1);HmiaM1;
hvulgare_eg_gene;Hordeum vulgare genes (MorexV3_pseudomolecules_assembly);MorexV3_pseudomolecules_assembly;
hvgoldenpromise_eg_gene;Hordeum vulgare GoldenPromise genes (GPv1);GPv1;
hvtritex_eg_gene;Hordeum vulgare TRITEX genes (Morex_V2_scaf);Morex_V2_scaf;
ecaballus_gene_ensembl;Horse genes (EquCab3.0);EquCab3.0;equCab3
hhucho_gene_ensembl;Huchen genes (ASM331708v1);ASM331708v1;
hsapiens_gene_ensembl;Human genes (GRCh38.p13);GRCh38.p13;hg38
harabidopsidis_eg_gene;Hyaloperonospora arabidopsidis genes (GCA000173235v2);GCA000173235v2;
harabidopsidis_eg_gene;Hyaloperonospora arabidopsidis genes (GCA000173235v2);GCA000173235v2;
bihybrid_gene_ensembl;Hybrid - Bos Indicus genes (UOA_Brahman_1);UOA_Brahman_1;
hmicrostoma_eg_gene;Hymenolepis microstoma (PRJEB124) genes (HMN_v3);HMN_v3;
pcapensis_gene_ensembl;Hyrax genes (proCap1);proCap1;proCap1
nnaja_gene_ensembl;Indian cobra genes (Nana_v5);Nana_v5;
omelastigma_gene_ensembl;Indian medaka genes (Om_v0.7.RACA);Om_v0.7.RACA;
itriloba_eg_gene;Ipomoea triloba genes (ASM357664v1);ASM357664v1;
isise6_eg_gene;Ixodes scapularis (ISE6) genes (IscaI1);IscaI1;
iscapularis_eg_gene;Ixodes scapularis genes (IscaW1);IscaW1;
olatipes_gene_ensembl;Japanese medaka HdrR genes (ASM223467v1);ASM223467v1;
cjaponica_gene_ensembl;Japanese quail genes (Coturnix_japonica_2.0);Coturnix_japonica_2.0;
ojavanicus_gene_ensembl;Javanese ricefish genes (OJAV_1.1);OJAV_1.1;
jregia_eg_gene;Juglans regia genes (Walnut_2.0);Walnut_2.0;
shabroptila_gene_ensembl;Kakapo genes (bStrHab1_v1.p);bStrHab1_v1.p;
kfedtschenkoi_eg_gene;Kalanchoe fedtschenkoi genes (K_fedtschenkoi_M2_v1);K_fedtschenkoi_M2_v1;
dordii_gene_ensembl;Kangaroo rat genes (Dord_2.0);Dord_2.0;dipOrd1
pcinereus_gene_ensembl;Koala genes (phaCin_unsw_v4.1);phaCin_unsw_v4.1;
kpastoris_eg_gene;Komagataella pastoris genes (ASM2700v1);ASM2700v1;
lsativa_eg_gene;Lactuca sativa genes (Lsat_Salinas_v7);Lsat_Salinas_v7;
pmarinus_gene_ensembl;Lamprey genes (Pmarinus_7.0);Pmarinus_7.0;petMar2
lcrocea_gene_ensembl;Large yellow croaker genes (L_crocea_2.0);L_crocea_2.0;
lperrieri_eg_gene;Leersia perrieri genes (Lperr_V1.4);Lperr_V1.4;
lleishanense_gene_ensembl;Leishan spiny toad genes (ASM966780v1);ASM966780v1;
lmajor_eg_gene;Leishmania major genes (ASM272v2);ASM272v2;
ppardus_gene_ensembl;Leopard genes (PanPar1.0);PanPar1.0;
lsalmonis_eg_gene;Lepeophtheirus salmonis genes (LSalAtl2s);LSalAtl2s;
lmaculans_eg_gene;Leptosphaeria maculans genes (ASM23037v1);ASM23037v1;
ldeliense_eg_gene;Leptotrombidium deliense genes (LdelU1);LdelU1;
jjaculus_gene_ensembl;Lesser Egyptian jerboa genes (JacJac1.0);JacJac1.0;
etelfairi_gene_ensembl;Lesser hedgehog tenrec genes (TENREC);TENREC;
lanatina_eg_gene;Lingula anatina genes (LinAna1.0);LinAna1.0;
pleo_gene_ensembl;Lion genes (PanLeo1.0);PanLeo1.0;
lloa_eg_gene;Loa loa genes (Loa_loa_V3);Loa_loa_V3;
clanigera_gene_ensembl;Long-tailed chinchilla genes (ChiLan1.0);ChiLan1.0;
lgigantea_eg_gene;Lottia gigantea genes (Lotgi1);Lotgi1;
lcuprina_eg_gene;Lucilia cuprina genes (ASM118794v1);ASM118794v1;
clumpus_gene_ensembl;Lumpfish genes (fCycLum1.pri);fCycLum1.pri;
langustifolius_eg_gene;Lupinus angustifolius genes (LupAngTanjil_v1.0);LupAngTanjil_v1.0;
llongipalpis_eg_gene;Lutzomyia longipalpis genes (LlonJ1);LlonJ1;
nbrichardi_gene_ensembl;Lyretail cichlid genes (NeoBri1.0);NeoBri1.0;
anancymaae_gene_ensembl;Ma's night monkey genes (Anan_2.0);Anan_2.0;
mmulatta_gene_ensembl;Macaque genes (Mmul_10);Mmul_10;
poryzae_eg_gene;Magnaporthe oryzae genes (GCA900474545v2);GCA900474545v2;
moryzae_eg_gene;Magnaporthe oryzae genes (MG8);MG8;
mpoae_eg_gene;Magnaporthe poae genes (Mag_poae_ATCC_64411_V1);Mag_poae_ATCC_64411_V1;
nscutatus_gene_ensembl;Mainland tiger snake genes (TS10Xv2-PRI);TS10Xv2-PRI;
pnyererei_gene_ensembl;Makobe Island cichlid genes (PunNye1.0);PunNye1.0;
aplatyrhynchos_gene_ensembl;Mallard genes (ASM874695v1);ASM874695v1;
mdgolden_eg_gene;Malus domestica Golden genes (ASM211411v1);ASM211411v1;
kmarmoratus_gene_ensembl;Mangrove rivulus genes (ASM164957v1);ASM164957v1;
mesculenta_eg_gene;Manihot esculenta genes (Manihot esculenta v6);Manihot esculenta v6;
mpolymorpha_eg_gene;Marchantia polymorpha genes (Marchanta_polymorpha_v1);Marchanta_polymorpha_v1;
mdestructor_eg_gene;Mayetiola destructor genes (Mdes_1.0);Mdes_1.0;
mtruncatula_eg_gene;Medicago truncatula genes (MedtrA17_4.0);MedtrA17_4.0;
gfortis_gene_ensembl;Medium ground-finch genes (GeoFor_1.0);GeoFor_1.0;geoFor1
pvampyrus_gene_ensembl;Megabat genes (pteVam1);pteVam1;pteVam1
mscalaris_eg_gene;Megaselia scalaris genes (Msca1);Msca1;
mlaricipopulina_eg_gene;Melampsora larici-populina genes (v1.0);v1.0;
mcinxia_eg_gene;Melitaea cinxia genes (MelCinx1.0);MelCinx1.0;
amexicanus_gene_ensembl;Mexican tetra genes (Astyanax_mexicanus-2.0);Astyanax_mexicanus-2.0;
mlucifugus_gene_ensembl;Microbat genes (Myoluc2.0);Myoluc2.0;myoLuc2
mviolaceum_eg_gene;Microbotryum violaceum genes (M_violaceum_V1);M_violaceum_V1;
acitrinellus_gene_ensembl;Midas cichlid genes (Midas_v5);Midas_v5;
mleidyi_eg_gene;Mnemiopsis leidyi genes (MneLei_Aug2011);MneLei_Aug2011;
mmusculus_gene_ensembl;Mouse genes (GRCm39);GRCm39;mm39
mmurinus_gene_ensembl;Mouse Lemur genes (Mmur_3.0);Mmur_3.0;
fheteroclitus_gene_ensembl;Mummichog genes (Fundulus_heteroclitus-3.0.2);Fundulus_heteroclitus-3.0.2;
macuminata_eg_gene;Musa acuminata genes (Musa_acuminata_v2);Musa_acuminata_v2;
mdomestica_eg_gene;Musca domestica genes (MdomA1);MdomA1;
hgfemale_gene_ensembl;Naked mole-rat female genes (HetGla_female_1.0);HetGla_female_1.0;hetGla2
mmonoceros_gene_ensembl;Narwhal genes (NGI_Narwhal_1);NGI_Narwhal_1;
nvitripennis_eg_gene;Nasonia vitripennis (AsymCx) genes (Nvit_psr_1.1);Nvit_psr_1.1;
namericanus_eg_gene;Necator americanus (PRJNA72135) genes (N_americanus_v1);N_americanus_v1;
nvectensis_eg_gene;Nematostella vectensis genes (ASM20922v1);ASM20922v1;
ncrassa_eg_gene;Neurospora crassa genes (NC12);NC12;
nattenuata_eg_gene;Nicotiana attenuata genes (NIATTr2);NIATTr2;
oniloticus_gene_ensembl;Nile tilapia genes (O_niloticus_UMD_NMBU);O_niloticus_UMD_NMBU;oreNil2
pmbairdii_gene_ensembl;Northern American deer mouse genes (HU_Pman_2.1);HU_Pman_2.1;
elucius_gene_ensembl;Northern pike genes (Eluc_v4);Eluc_v4;
ncolorata_eg_gene;Nymphaea colorata genes (ASM883128v1);ASM883128v1;
obimaculoides_eg_gene;Octopus bimaculoides genes (PRJNA270931);PRJNA270931;
oeuropaea_eg_gene;Olea europaea genes (OLEA9);OLEA9;
oesylvestris_eg_gene;Olea europaea var. sylvestris genes (O_europaea_v1);O_europaea_v1;
panubis_gene_ensembl;Olive baboon genes (Panubis1.0);Panubis1.0;
ovolvulus_eg_gene;Onchocerca volvulus (PRJEB513) genes (ASM49940v2);ASM49940v2;
mdomestica_gene_ensembl;Opossum genes (ASM229v1);ASM229v1;monDom5
apercula_gene_ensembl;Orange clownfish genes (Nemo_v1);Nemo_v1;
ocincta_eg_gene;Orchesella cincta genes (ASM171814v1);ASM171814v1;
obarthii_eg_gene;Oryza barthii genes (O.barthii_v1);O.barthii_v1;
obrachyantha_eg_gene;Oryza brachyantha genes (Oryza_brachyantha.v1.4b);Oryza_brachyantha.v1.4b;
oglaberrima_eg_gene;Oryza glaberrima genes (Oryza_glaberrima_V1);Oryza_glaberrima_V1;
oglumipatula_eg_gene;Oryza glumipatula genes (Oryza_glumaepatula_v1.5);Oryza_glumaepatula_v1.5;
olongistaminata_eg_gene;Oryza longistaminata genes (O_longistaminata_v1.0);O_longistaminata_v1.0;
omeridionalis_eg_gene;Oryza meridionalis genes (Oryza_meridionalis_v1.3);Oryza_meridionalis_v1.3;
onivara_eg_gene;Oryza nivara genes (Oryza_nivara_v1.0);Oryza_nivara_v1.0;
opunctata_eg_gene;Oryza punctata genes (Oryza_punctata_v1.2);Oryza_punctata_v1.2;
orufipogon_eg_gene;Oryza rufipogon genes (OR_W1943);OR_W1943;
oindica_eg_gene;Oryza sativa Indica Group genes (ASM465v1);ASM465v1;
osativa_eg_gene;Oryza sativa Japonica Group genes (IRGSP-1.0);IRGSP-1.0;
olucimarinus_eg_gene;Ostreococcus lucimarinus genes (ASM9206v1);ASM9206v1;
cpbellii_gene_ensembl;Painted turtle genes (Chrysemys_picta_bellii-3.0.3);Chrysemys_picta_bellii-3.0.3;chrPic1
phfil2_eg_gene;Panicum hallii FIL2 genes (PHallii_v3.1);PHallii_v3.1;
phallii_eg_gene;Panicum hallii HAL2 genes (PhalliiHAL_v2.1);PhalliiHAL_v2.1;
psomniferum_eg_gene;Papaver somniferum genes (ASM357369v1);ASM357369v1;
ptetraurelia_eg_gene;Paramecium tetraurelia genes (ASM16542v1);ASM16542v1;
pkingsleyae_gene_ensembl;Paramormyrops kingsleyae genes (PKINGS_0.1);PKINGS_0.1;
phumanus_eg_gene;Pediculus humanus genes (PhumU2);PhumU2;
ptricornutum_eg_gene;Phaeodactylum tricornutum genes (ASM15095v2);ASM15095v2;
pnodorum_eg_gene;Phaeosphaeria nodorum genes (ASM14691v1);ASM14691v1;
pchrysosporium_eg_gene;Phanerochaete chrysosporium genes (GCA000167175v1);GCA000167175v1;
pvulgaris_eg_gene;Phaseolus vulgaris genes (PhaVulg1_0);PhaVulg1_0;
ppapatasi_eg_gene;Phlebotomus papatasi genes (PpapI1);PpapI1;
ppatens_eg_gene;Physcomitrium patens genes (Phypa V3);Phypa V3;
pinfestans_eg_gene;Phytophthora infestans genes (ASM14294v1);ASM14294v1;
pkernoviae_eg_gene;Phytophthora kernoviae genes (PhyKer238/432v1);PhyKer238/432v1;
plateralis_eg_gene;Phytophthora lateralis genes (MPF4_v1.0);MPF4_v1.0;
pparasitica_eg_gene;Phytophthora parasitica genes (Phyt_para_P1569_V1);Phyt_para_P1569_V1;
pramorum_eg_gene;Phytophthora ramorum genes (ASM14973v1);ASM14973v1;
psojae_eg_gene;Phytophthora sojae genes (P.sojae V3.0);P.sojae V3.0;
ssbamei_gene_ensembl;Pig - Bamei genes (Bamei_pig_v1);Bamei_pig_v1;
ssberkshire_gene_ensembl;Pig - Berkshire genes (Berkshire_pig_v1);Berkshire_pig_v1;
sshampshire_gene_ensembl;Pig - Hampshire genes (Hampshire_pig_v1);Hampshire_pig_v1;
ssjinhua_gene_ensembl;Pig - Jinhua genes (Jinhua_pig_v1);Jinhua_pig_v1;
sslandrace_gene_ensembl;Pig - Landrace genes (Landrace_pig_v1);Landrace_pig_v1;
sslargewhite_gene_ensembl;Pig - Largewhite genes (Large_White_v1);Large_White_v1;
ssmeishan_gene_ensembl;Pig - Meishan genes (Meishan_pig_v1);Meishan_pig_v1;
sspietrain_gene_ensembl;Pig - Pietrain genes (Pietrain_pig_v1);Pietrain_pig_v1;
ssrongchang_gene_ensembl;Pig - Rongchang genes (Rongchang_pig_v1);Rongchang_pig_v1;
sstibetan_gene_ensembl;Pig - Tibetan genes (Tibetan_Pig_v2);Tibetan_Pig_v2;
sswuzhishan_gene_ensembl;Pig - Wuzhishan genes (minipig_v1.0);minipig_v1.0;
sscrofa_gene_ensembl;Pig genes (Sscrofa11.1);Sscrofa11.1;susScr11
ssusmarc_gene_ensembl;Pig USMARC genes (USMARCv1.0);USMARCv1.0;
mnemestrina_gene_ensembl;Pig-tailed macaque genes (Mnem_1.0);Mnem_1.0;
oprinceps_gene_ensembl;Pika genes (OchPri2.0-Ens);OchPri2.0-Ens;ochPri2
slucioperca_gene_ensembl;Pike-perch genes (SLUC_FBN_1);SLUC_FBN_1;
mmurdjan_gene_ensembl;Pinecone soldierfish genes (fMyrMur1.1);fMyrMur1.1;
abrachyrhynchus_gene_ensembl;Pink-footed goose genes (ASM259213v1);ASM259213v1;
pvera_eg_gene;Pistacia vera genes (PisVer_v2);PisVer_v2;
psativum_eg_gene;Pisum sativum genes (Pisum_sativum_v1a);Pisum_sativum_v1a;
pberghei_eg_gene;Plasmodium berghei genes (PBANKA01);PBANKA01;
pchabaudi_eg_gene;Plasmodium chabaudi genes (PCHAS01);PCHAS01;
pfalciparum_eg_gene;Plasmodium falciparum 3D7 genes (ASM276v2);ASM276v2;
pknowlesi_eg_gene;Plasmodium knowlesi genes (ASM635v1);ASM635v1;
pvivax_eg_gene;Plasmodium vivax genes (ASM241v2);ASM241v2;
xmaculatus_gene_ensembl;Platyfish genes (X_maculatus-5.0-male);X_maculatus-5.0-male;
oanatinus_gene_ensembl;Platypus genes (mOrnAna1.p.v1);mOrnAna1.p.v1;ornAna1
umaritimus_gene_ensembl;Polar bear genes (UrsMar_1.0);UrsMar_1.0;
ptrichocarpa_eg_gene;Populus trichocarpa genes (Pop_tri_v3);Pop_tri_v3;
mochrogaster_gene_ensembl;Prairie vole genes (MicOch1.0);MicOch1.0;
ppacificus_eg_gene;Pristionchus pacificus (PRJNA12644) genes (El_Paco);El_Paco;priPac1
pavium_eg_gene;Prunus avium genes (PAV_r1.0);PAV_r1.0;
pdulcis_eg_gene;Prunus dulcis genes (ALMONDv2);ALMONDv2;
ppersica_eg_gene;Prunus persica genes (Prunus_persica_NCBIv2);Prunus_persica_NCBIv2;
pmultistriata_eg_gene;Pseudo-nitzschia multistriata genes (ASM90066040v1);ASM90066040v1;
pgraminis_eg_gene;Puccinia graminis genes (ASM14992v1);ASM14992v1;
pgraminisug99_eg_gene;Puccinia graminis Ug99 genes (v1);v1;
pstriiformis_eg_gene;Puccinia striiformis f. sp. tritici PST-130 str. Race 130 genes (PST-130_1.0);PST-130_1.0;
ptriticina_eg_gene;Puccinia triticina genes (ASM15152v1);ASM15152v1;
pteres_eg_gene;Pyrenophora teres genes (PyrTer_1.0);PyrTer_1.0;
ptriticirepentis_eg_gene;Pyrenophora tritici-repentis Pt-1C-BFP genes (ASM14998v1);ASM14998v1;
paphanidermatum_eg_gene;Pythium aphanidermatum genes (pag1_scaffolds_v1);pag1_scaffolds_v1;
parrhenomanes_eg_gene;Pythium arrhenomanes genes (par_scaffolds_v1);par_scaffolds_v1;
pirregulare_eg_gene;Pythium irregulare genes (pir_scaffolds_v1);pir_scaffolds_v1;
piwayamai_eg_gene;Pythium iwayamai genes (piw_scaffolds_v1);piw_scaffolds_v1;
pultimum_eg_gene;Pythium ultimum genes (pug);pug;
pvexans_eg_gene;Pythium vexans genes (pve_scaffolds_v1);pve_scaffolds_v1;
qlobata_eg_gene;Quercus lobata genes (ValleyOak3.0);ValleyOak3.0;
ocuniculus_gene_ensembl;Rabbit genes (OryCun2.0);OryCun2.0;oryCun2
omykiss_gene_ensembl;Rainbow trout genes (USDA_OmykA_1.1);USDA_OmykA_1.1;
rnorvegicus_gene_ensembl;Rat genes (mRatBN7.2);mRatBN7.2;rn7
vvulpes_gene_ensembl;Red fox genes (VulVul2.2);VulVul2.2;
pnattereri_gene_ensembl;Red-bellied piranha genes (Pygocentrus_nattereri-1.0.2);Pygocentrus_nattereri-1.0.2;
ecalabaricus_gene_ensembl;Reedfish genes (fErpCal1.1);fErpCal1.1;
rprolixus_eg_gene;Rhodnius prolixus genes (RproC3);RproC3;
rchinensis_eg_gene;Rosa chinensis genes (RchiOBHm-V2);RchiOBHm-V2;
mcaroli_gene_ensembl;Ryukyu mouse genes (CAROLI_EIJ_v1.1);CAROLI_EIJ_v1.1;
scerevisiae_eg_gene;Saccharomyces cerevisiae genes (R64-1-1);R64-1-1;sacCer3
scerevisiae_gene_ensembl;Saccharomyces cerevisiae genes (R64-1-1);R64-1-1;sacCer3
sspontaneum_eg_gene;Saccharum spontaneum genes (Sspon.HiC_chr_asm);Sspon.HiC_chr_asm;
platipinna_gene_ensembl;Sailfin molly genes (P_latipinna-1.0);P_latipinna-1.0;
sscabiei_eg_gene;Sarcoptes scabiei (SSS_KF_BRIS2020) genes (GCA014595675v1);GCA014595675v1;
smansoni_eg_gene;Schistosoma mansoni (PRJEA36577) genes (Smansoni_v7);Smansoni_v7;
scryophilus_eg_gene;Schizosaccharomyces cryophilus genes (SCY4);SCY4;
sjaponicus_eg_gene;Schizosaccharomyces japonicus genes (SJ5);SJ5;
soctosporus_eg_gene;Schizosaccharomyces octosporus genes (SO6);SO6;
spombe_eg_gene;Schizosaccharomyces pombe genes (ASM294v2);ASM294v2;
ssclerotiorum_eg_gene;Sclerotinia sclerotiorum genes (ASM14694v1);ASM14694v1;
scereale_eg_gene;Secale cereale genes (Rye_Lo7_2018_v1p1p1);Rye_Lo7_2018_v1p1p1;
smoellendorffii_eg_gene;Selaginella moellendorffii genes (v1.0);v1.0;
sindicum_eg_gene;Sesamum indicum genes (S_indicum_v1.0);S_indicum_v1.0;
sitalica_eg_gene;Setaria italica genes (Setaria_italica_v2.0);Setaria_italica_v2.0;
sviridis_eg_gene;Setaria viridis genes (Setaria_viridis_v2.0);Setaria_viridis_v2.0;
oaries_gene_ensembl;Sheep (texel) genes (Oar_v3.1);Oar_v3.1;oviAri3
oarambouillet_gene_ensembl;Sheep genes (Oar_rambouillet_v1.0);Oar_rambouillet_v1.0;
cvariegatus_gene_ensembl;Sheepshead minnow genes (C_variegatus-1.0);C_variegatus-1.0;
saraneus_gene_ensembl;Shrew genes (sorAra1);sorAra1;sorAra1
mpahari_gene_ensembl;Shrew mouse genes (PAHARI_EIJ_v1.1);PAHARI_EIJ_v1.1;
bsplendens_gene_ensembl;Siamese fighting fish genes (fBetSpl5.2);fBetSpl5.2;
mmoschiferus_gene_ensembl;Siberian musk deer genes (MosMos_v2_BIUU_UCD);MosMos_v2_BIUU_UCD;
choffmanni_gene_ensembl;Sloth genes (choHof1);choHof1;choHof1
slycopersicum_eg_gene;Solanum lycopersicum genes (SL3.0);SL3.0;
stuberosum_eg_gene;Solanum tuberosum genes (SolTub_3.0);SolTub_3.0;
sinvicta_eg_gene;Solenopsis invicta (M01_SB) genes (UNIL_Sinv_3.0);UNIL_Sinv_3.0;
catys_gene_ensembl;Sooty mangabey genes (Caty_1.0);Caty_1.0;
sbicolor_eg_gene;Sorghum bicolor genes (Sorghum_bicolor_NCBIv3);Sorghum_bicolor_NCBIv3;
pcatodon_gene_ensembl;Sperm whale genes (ASM283717v2);ASM283717v2;
apolyacanthus_gene_ensembl;Spiny chromis genes (ASM210954v1);ASM210954v1;
sreilianum_eg_gene;Sporisorium reilianum genes (ASM23024v1);ASM23024v1;
loculatus_gene_ensembl;Spotted gar genes (LepOcu1);LepOcu1;
itridecemlineatus_gene_ensembl;Squirrel genes (SpeTri2.0);SpeTri2.0;speTri2
smimosarum_eg_gene;Stegodyphus mimosarum genes (Stegodyphus_mimosarum_v1);Stegodyphus_mimosarum_v1;
mspicilegus_gene_ensembl;Steppe mouse genes (MUSP714);MUSP714;
gaculeatus_gene_ensembl;Stickleback genes (BROAD S1);BROAD S1;gasAcu1
scalcitrans_eg_gene;Stomoxys calcitrans genes (ScalU1);ScalU1;
smaritima_eg_gene;Strigamia maritima genes (Smar1);Smar1;
spurpuratus_eg_gene;Strongylocentrotus purpuratus (Spur 01) genes (Spur_5.0);Spur_5.0;
sratti_eg_gene;Strongyloides ratti (PRJEB125) genes (S_ratti_ED321_v5_0_4);S_ratti_ED321_v5_0_4;
pabelii_gene_ensembl;Sumatran orangutan genes (Susie_PABv2);Susie_PABv2;
csyrichta_gene_ensembl;Tarsier genes (Tarsius_syrichta-2.0.1);Tarsius_syrichta-2.0.1;tarSyr2
sharrisii_gene_ensembl;Tasmanian devil genes (mSarHar1.11);mSarHar1.11;sarHar1
tdalmanni_eg_gene;Teleopsis dalmanni (2A) genes (GCA002237135v2);GCA002237135v2;
tthermophila_eg_gene;Tetrahymena thermophila genes (JCVI-TTA1-2.2);JCVI-TTA1-2.2;
turticae_eg_gene;Tetranychus urticae genes (ASM23943v1);ASM23943v1;
tnigroviridis_gene_ensembl;Tetraodon genes (TETRAODON 8.0);TETRAODON 8.0;tetNig2
tpseudonana_eg_gene;Thalassiosira pseudonana genes (ASM14940v2);ASM14940v2;
tkitauei_eg_gene;Thelohanellus kitauei genes (ASM82789v1);ASM82789v1;
tccriollo_eg_gene;Theobroma cacao Belizian Criollo B97-61/B2 genes (Criollo_cocoa_genome_V2);Criollo_cocoa_genome_V2;
tcacao_eg_gene;Theobroma cacao Matina 1-6 genes (Theobroma_cacao_20110822);Theobroma_cacao_20110822;
tctriunguis_gene_ensembl;Three-toed box turtle genes (T_m_triunguis-2.0);T_m_triunguis-2.0;
ptaltaica_gene_ensembl;Tiger genes (PanTig1.0);PanTig1.0;
hcomes_gene_ensembl;Tiger tail seahorse genes (H_comes_QL1_v1);H_comes_QL1_v1;
csemilaevis_gene_ensembl;Tongue sole genes (Cse_v1.0);Cse_v1.0;
tgondii_eg_gene;Toxoplasma gondii ME49 genes (TGA4);TGA4;
tbelangeri_gene_ensembl;Tree Shrew genes (tupBel1);tupBel1;tupBel1
tcastaneum_eg_gene;Tribolium castaneum genes (Tcas5.2);Tcas5.2;triCas2
tspiralis_eg_gene;Trichinella spiralis genes (Tspiralis1);Tspiralis1;
treesei_eg_gene;Trichoderma reesei genes (v2.0);v2.0;
tvirens_eg_gene;Trichoderma virens genes (ASM17099v1);ASM17099v1;
tadhaerens_eg_gene;Trichoplax adhaerens genes (ASM15027v1);ASM15027v1;
tmuris_eg_gene;Trichuris muris (PRJEB126) genes (TMUE3.0);TMUE3.0;
tpratense_eg_gene;Trifolium pratense genes (Trpr);Trpr;
taarinalrfor_eg_gene;Triticum aestivum Arinalrfor genes (PGSBv2.0_Arinalrfor);PGSBv2.0_Arinalrfor;
tacadenza_eg_gene;Triticum aestivum Cadenza genes (TGAC_cadenza);TGAC_cadenza;
taclaire_eg_gene;Triticum aestivum Claire genes (TGAC_paragon);TGAC_paragon;
taestivum_eg_gene;Triticum aestivum genes (IWGSC);IWGSC;
tajagger_eg_gene;Triticum aestivum Jagger genes (PGSBv2.0_Jagger);PGSBv2.0_Jagger;
tajulius_eg_gene;Triticum aestivum Julius genes (PGSBv2.0_Julius);PGSBv2.0_Julius;
talancer_eg_gene;Triticum aestivum Lancer genes (PGSBv2.0_Lancer);PGSBv2.0_Lancer;
talandmark_eg_gene;Triticum aestivum Landmark genes (PGSBv2.0_Landmark);PGSBv2.0_Landmark;
tamace_eg_gene;Triticum aestivum Mace genes (PGSBv2.0_Mace);PGSBv2.0_Mace;
tanorin61_eg_gene;Triticum aestivum Norin61 genes (PGSBv2.0_Norin61);PGSBv2.0_Norin61;
taparagon_eg_gene;Triticum aestivum Paragon genes (EI_paragon);EI_paragon;
tarobigus_eg_gene;Triticum aestivum Robigus genes (TGAC_robigus);TGAC_robigus;
tastanley_eg_gene;Triticum aestivum Stanley genes (PGSBv2.2_Stanley);PGSBv2.2_Stanley;
tamattis_eg_gene;Triticum aestivum Sy Mattis genes (PGSBv2.0_Mattis);PGSBv2.0_Mattis;
taweebil_eg_gene;Triticum aestivum Weebill genes (EI_WeebilV1);EI_WeebilV1;
tdicoccoides_eg_gene;Triticum dicoccoides genes (WEWSeq v.1.0);WEWSeq v.1.0;
tspelta_eg_gene;Triticum spelta genes (PGSBv2.0_Spelta);PGSBv2.0_Spelta;
tturgidum_eg_gene;Triticum turgidum genes (svevo);svevo;
turartu_eg_gene;Triticum urartu genes (Tu2.0);Tu2.0;
xtropicalis_gene_ensembl;Tropical clawed frog genes (Xenopus_tropicalis_v9.1);Xenopus_tropicalis_v9.1;xenTro9
tbrucei_eg_gene;Trypanosoma brucei genes (TryBru_Apr2005_chr11);TryBru_Apr2005_chr11;
spunctatus_gene_ensembl;Tuatara genes (ASM311381v1);ASM311381v1;
tmelanosporum_eg_gene;Tuber melanosporum genes (ASM15164v1);ASM15164v1;
smaximus_gene_ensembl;Turbot genes (ASM1334776v1);ASM1334776v1;
mgallopavo_gene_ensembl;Turkey genes (Turkey_5.1);Turkey_5.1;melGal5
nfurzeri_gene_ensembl;Turquoise killifish genes (Nfu_20140520);Nfu_20140520;
ngalili_gene_ensembl;Upper Galilee mountains blind mole rat genes (S.galili_v1.0);S.galili_v1.0;
umaydis_eg_gene;Ustilago maydis genes (Umaydis521_2.0);Umaydis521_2.0;
psinus_gene_ensembl;Vaquita genes (mPhoSin1.pri);mPhoSin1.pri;
vdahliae_eg_gene;Verticillium dahliae genes (ASM15067v2);ASM15067v2;
vdahliaejr2_eg_gene;Verticillium dahliae JR2 genes (VDAG_JR2v.4.0);VDAG_JR2v.4.0;
csabaeus_gene_ensembl;Vervet-AGM genes (ChlSab1.1);ChlSab1.1;chlSab2
vangularis_eg_gene;Vigna angularis genes (Vigan1.1);Vigan1.1;
vradiata_eg_gene;Vigna radiata genes (Vradiata_ver6);Vradiata_ver6;
vvinifera_eg_gene;Vitis vinifera genes (PN40024.v4);PN40024.v4;
neugenii_gene_ensembl;Wallaby genes (Meug_1.0);Meug_1.0;macEug2
cjacchus_gene_ensembl;White-tufted-ear marmoset genes (mCalJac1.pat.X);mCalJac1.pat.X;
bmutus_gene_ensembl;Wild yak genes (BosGru_v2.0);BosGru_v2.0;
chyarkandensis_gene_ensembl;Yarkand deer genes (CEY_v1);CEY_v1;
ylipolytica_eg_gene;Yarrowia lipolytica genes (ASM252v1);ASM252v1;
sldorsalis_gene_ensembl;Yellowtail amberjack genes (Sedor1);Sedor1;
zmays_eg_gene;Zea mays genes (Zm-B73-REFERENCE-NAM-5.0);Zm-B73-REFERENCE-NAM-5.0;
tguttata_gene_ensembl;Zebra finch genes (bTaeGut1_v1.p);bTaeGut1_v1.p;taeGut1
mzebra_gene_ensembl;Zebra mbuna genes (M_zebra_UMD2a);M_zebra_UMD2a;
drerio_gene_ensembl;Zebrafish genes (GRCz11);GRCz11;danRer11
marmatus_gene_ensembl;Zig-zag eel genes (fMasArm1.2);fMasArm1.2;
znevadensis_eg_gene;Zootermopsis nevadensis genes (ZooNev1.0);ZooNev1.0;
ztritici_eg_gene;Zymoseptoria tritici genes (MG2);MG2;